No,Address,Amount
1,0xab7608F1B3aaf54c54aDf5EEb50Fe507c3668D40,1
2,0x346a43fC060165746e0bc9Cf62446a1b966ee7Bb,2
3,0x48e5F5d962d75D6A2Ef88B9b89a96189e8d018A7,3
4,0xbD0e6f1Bb23cd18f3f3eaa5C9cFE34a13296a60C,4
5,0xbA23260ACc2418cEbA38AB33de2F91E4D45559bA,5
6,0xAB4FF5B17a95c4CCB7F1C6C02Bb2478F328298c1,6
7,0x8b80d2d1628446111cFE8131D86E0cdc0fb690Da,7
8,0x7D70388D0c138c14F2A1c144439caD23e0057370,8
9,0x56853d7D1DC6Ae7d116F4abc4009727Cf6cf0858,9
10,0xB4D5786b86D82f558F983a1A1718ad06261a0d86,10
11,0x2046b18e526aa63Ca04EDe25B95eB78Cc5C89CdA,11
12,0xbDAc3f731c812a4147D53BBe8ac201D38A9AE6af,12
13,0x63A395B574D5E23C3dbC6986Be5994Ef6743aFA8,13